{"cameraMode":{"drawMode":0,"name":"Shaded","section":"Shading Mode"},"sceneLighting":false,"audioPlay":false,"sceneViewState":{"showFog":true,"showMaterialUpdate":false,"showSkybox":true,"showFlares":true,"showImageEffects":true,"showParticleSystems":true},"in2DMode":false,"pivot":{"x":16.62053108215332,"y":-1.390653371810913,"z":13.79952621459961},"rotation":{"x":0.1073632538318634,"y":0.08846472948789597,"z":-0.009591864421963692,"w":0.9902298450469971},"size":31.791820526123048,"orthographic":false}