{"cameraMode":{"drawMode":0,"name":"Shaded","section":"Shading Mode"},"sceneLighting":true,"audioPlay":false,"sceneViewState":{"showFog":true,"showMaterialUpdate":false,"showSkybox":true,"showFlares":true,"showImageEffects":true,"showParticleSystems":true},"in2DMode":false,"pivot":{"x":-11.692264556884766,"y":-7.305830478668213,"z":15.3804349899292},"rotation":{"x":0.1626538187265396,"y":-0.46761465072631838,"z":0.08799389004707337,"w":0.864371120929718},"size":37.37631607055664,"orthographic":false}