{"cameraMode":{"drawMode":0,"name":"Shaded","section":"Shading Mode"},"sceneLighting":true,"audioPlay":false,"sceneViewState":{"showFog":true,"showMaterialUpdate":false,"showSkybox":true,"showFlares":true,"showImageEffects":true,"showParticleSystems":true},"in2DMode":false,"pivot":{"x":-12.800558090209961,"y":-30.121511459350587,"z":96.39555358886719},"rotation":{"x":0.15973687171936036,"y":-0.03049696795642376,"z":0.0049370089545845989,"w":0.9866760969161987},"size":166.6600341796875,"orthographic":false}