{"cameraMode":{"drawMode":0,"name":"Shaded","section":"Shading Mode"},"sceneLighting":false,"audioPlay":false,"sceneViewState":{"showFog":true,"showMaterialUpdate":false,"showSkybox":true,"showFlares":true,"showImageEffects":true,"showParticleSystems":true},"in2DMode":false,"pivot":{"x":0.0,"y":0.9591305255889893,"z":3.44277024269104},"rotation":{"x":0.15973687171936036,"y":-0.03049696795642376,"z":0.0049370089545845989,"w":0.9866760969161987},"size":2.7948546409606935,"orthographic":false}