{"cameraMode":{"drawMode":0,"name":"Shaded","section":"Shading Mode"},"sceneLighting":true,"audioPlay":false,"sceneViewState":{"showFog":true,"showMaterialUpdate":false,"showSkybox":true,"showFlares":true,"showImageEffects":true,"showParticleSystems":true},"in2DMode":false,"pivot":{"x":5.912306785583496,"y":-84.15333557128906,"z":59.023345947265628},"rotation":{"x":0.47300654649734499,"y":0.04806208610534668,"z":-0.025852616876363756,"w":0.8793671131134033},"size":164.6453399658203,"orthographic":false}