{"cameraMode":{"drawMode":0,"name":"Shaded","section":"Shading Mode"},"sceneLighting":false,"audioPlay":false,"sceneViewState":{"showFog":true,"showMaterialUpdate":false,"showSkybox":true,"showFlares":true,"showImageEffects":true,"showParticleSystems":true},"in2DMode":false,"pivot":{"x":-10.222494125366211,"y":0.5632922649383545,"z":10.279962539672852},"rotation":{"x":0.1626538187265396,"y":-0.46761465072631838,"z":0.08799389004707337,"w":0.864371120929718},"size":3.618135929107666,"orthographic":false}