{"cameraMode":{"drawMode":0,"name":"Shaded","section":"Shading Mode"},"sceneLighting":true,"audioPlay":false,"sceneViewState":{"showFog":true,"showMaterialUpdate":false,"showSkybox":true,"showFlares":true,"showImageEffects":true,"showParticleSystems":true},"in2DMode":false,"pivot":{"x":-74.6983642578125,"y":-7.885451793670654,"z":16.731224060058595},"rotation":{"x":-0.04528412967920303,"y":0.6969561576843262,"z":-0.04418289288878441,"w":-0.7143174409866333},"size":116.88182067871094,"orthographic":false}