{"cameraMode":{"drawMode":0,"name":"Shaded","section":"Shading Mode"},"sceneLighting":true,"audioPlay":false,"sceneViewState":{"showFog":true,"showMaterialUpdate":false,"showSkybox":true,"showFlares":true,"showImageEffects":true,"showParticleSystems":true},"in2DMode":false,"pivot":{"x":-13.788196563720704,"y":0.8383674621582031,"z":28.474117279052736},"rotation":{"x":-0.14755278825759889,"y":0.7210654616355896,"z":-0.16185741126537324,"w":-0.6573393940925598},"size":78.74130249023438,"orthographic":false}