{"cameraMode":{"drawMode":0,"name":"Shaded","section":"Shading Mode"},"sceneLighting":true,"audioPlay":false,"sceneViewState":{"showFog":true,"showMaterialUpdate":false,"showSkybox":true,"showFlares":true,"showImageEffects":true,"showParticleSystems":true},"in2DMode":false,"pivot":{"x":-6.9237260818481449,"y":-8.278454780578614,"z":-8.042261123657227},"rotation":{"x":-0.07407953590154648,"y":0.9239747524261475,"z":-0.2323019653558731,"w":-0.29465028643608096},"size":38.0198860168457,"orthographic":false}